{
  "svm": {
    "model": "SVM (LinearSVC + TF-IDF)",
    "best_C": 1.0,
    "accuracy": 0.9524291497975709,
    "weighted_f1": 0.9510686641277329,
    "macro_f1": 0.880511062491999,
    "f1_negative": 0.7878103837471784,
    "f1_positive": 0.9732117412368196,
    "roc_auc": 0.9751327196571205,
    "avg_precision": 0.9962634156057852,
    "cv_mean_f1": 0.9464811456027558,
    "cv_std_f1": 0.004809942454361256,
    "tn": 349,
    "fp": 123,
    "fn": 65,
    "tp": 3415
  },
  "lstm": {
    "model": "Bidirectional LSTM",
    "best_epoch": 6,
    "actual_epochs": 10,
    "accuracy": 0.9359817813765182,
    "weighted_f1": 0.9385119694050796,
    "macro_f1": 0.8600500561070145,
    "f1_negative": 0.7569644572526417,
    "f1_positive": 0.9631356549613872,
    "roc_auc": 0.9698333698616793,
    "avg_precision": 0.9953427217571513,
    "neg_recall": 0.8347457627118644,
    "pos_recall": 0.9497126436781609,
    "tn": 394,
    "fp": 78,
    "fn": 175,
    "tp": 3305
  },
  "key_finding": {
    "svm_wins_aggregate": true,
    "lstm_wins_neg_recall": true,
    "neg_recall_delta_pp": 9.53,
    "weighted_f1_delta": -0.0126,
    "roc_auc_delta": -0.0053,
    "recommended_model_brand_monitoring": "BiLSTM",
    "recommended_model_general": "SVM"
  }
}