{
  "model": "SVM (LinearSVC + TF-IDF)",
  "best_C": 1.0,
  "accuracy": 0.9524291497975709,
  "weighted_f1": 0.9510686641277329,
  "macro_f1": 0.880511062491999,
  "f1_negative": 0.7878103837471784,
  "f1_positive": 0.9732117412368196,
  "roc_auc": 0.9751327196571205,
  "avg_precision": 0.9962634156057852,
  "cv_mean_f1": 0.9456877619055593,
  "cv_std_f1": 0.005735989467758789,
  "tn": 349,
  "fp": 123,
  "fn": 65,
  "tp": 3415
}